USE [BookingCinemaTicketsOnline]
GO
INSERT [dbo].[ACCOUNT] ([userName], [password], [fullName], [googleID], [googleName], [email], [phoneNumber], [gender], [role]) VALUES (N'admin2@gmail.com', N'1', N'mĩnh', NULL, NULL, N'admin2@gmail.com', N'9181231', N'Nam', 0)
INSERT [dbo].[ACCOUNT] ([userName], [password], [fullName], [googleID], [googleName], [email], [phoneNumber], [gender], [role]) VALUES (N'Andmse182449@fpt.edu.vn', N'123', N'mĩnh', NULL, NULL, N'Andmse182449@fpt.edu.vn', N'9181231', N'Nam', 0)
INSERT [dbo].[ACCOUNT] ([userName], [password], [fullName], [googleID], [googleName], [email], [phoneNumber], [gender], [role]) VALUES (N'Phucadmin', N'1', NULL, NULL, NULL, NULL, NULL, NULL, 1)
GO
INSERT [dbo].[BOOKING] ([bookingID], [numberOfBooking], [priceTotal], [bookingDate], [userName]) VALUES (N'2fb2f966-289e-453a-8ba6-78f4e03a511d', 4, 280000.0000, CAST(N'2024-03-18' AS Date), N'Andmse182449@fpt.edu.vn')
INSERT [dbo].[BOOKING] ([bookingID], [numberOfBooking], [priceTotal], [bookingDate], [userName]) VALUES (N'304ecf32-16f8-4f95-abc5-a1152b69b8ed', 1, 70000.0000, CAST(N'2024-03-17' AS Date), N'admin2@gmail.com')
INSERT [dbo].[BOOKING] ([bookingID], [numberOfBooking], [priceTotal], [bookingDate], [userName]) VALUES (N'30a3c0b6-9618-41cf-8c3f-3592a074ecec', 2, 140000.0000, CAST(N'2024-03-17' AS Date), N'admin2@gmail.com')
INSERT [dbo].[BOOKING] ([bookingID], [numberOfBooking], [priceTotal], [bookingDate], [userName]) VALUES (N'53e579c7-8f8f-407f-a0ee-15dea0d17ebf', 2, 140000.0000, CAST(N'2024-03-18' AS Date), N'Andmse182449@fpt.edu.vn')
INSERT [dbo].[BOOKING] ([bookingID], [numberOfBooking], [priceTotal], [bookingDate], [userName]) VALUES (N'608d9d3b-cf88-4c63-a301-b9b740713fbf', 2, 140000.0000, CAST(N'2024-03-18' AS Date), N'Andmse182449@fpt.edu.vn')
INSERT [dbo].[BOOKING] ([bookingID], [numberOfBooking], [priceTotal], [bookingDate], [userName]) VALUES (N'61c7f613-f01e-4d10-b0d5-10913ba6dcfb', 2, 140000.0000, CAST(N'2024-03-17' AS Date), N'admin2@gmail.com')
INSERT [dbo].[BOOKING] ([bookingID], [numberOfBooking], [priceTotal], [bookingDate], [userName]) VALUES (N'65c098b6-b076-4a0f-a7cc-a7dcc5610b72', 4, 280000.0000, CAST(N'2024-03-18' AS Date), N'Andmse182449@fpt.edu.vn')
INSERT [dbo].[BOOKING] ([bookingID], [numberOfBooking], [priceTotal], [bookingDate], [userName]) VALUES (N'6e490f98-905a-449a-9074-c08b89cf2b2f', 1, 70000.0000, CAST(N'2024-03-17' AS Date), N'admin2@gmail.com')
INSERT [dbo].[BOOKING] ([bookingID], [numberOfBooking], [priceTotal], [bookingDate], [userName]) VALUES (N'72872954-22fa-404a-a96b-83292dedf482', 1, 70000.0000, CAST(N'2024-03-18' AS Date), N'admin2@gmail.com')
INSERT [dbo].[BOOKING] ([bookingID], [numberOfBooking], [priceTotal], [bookingDate], [userName]) VALUES (N'739ca3f6-c0b6-4fef-b733-a4812afef239', 4, 280000.0000, CAST(N'2024-03-18' AS Date), N'Andmse182449@fpt.edu.vn')
INSERT [dbo].[BOOKING] ([bookingID], [numberOfBooking], [priceTotal], [bookingDate], [userName]) VALUES (N'7de65335-c413-4240-9054-2760d23bb52d', 2, 140000.0000, CAST(N'2024-03-17' AS Date), N'admin2@gmail.com')
INSERT [dbo].[BOOKING] ([bookingID], [numberOfBooking], [priceTotal], [bookingDate], [userName]) VALUES (N'96c31eee-8409-499b-a5d5-165b58701c47', 2, 140000.0000, CAST(N'2024-03-18' AS Date), N'Andmse182449@fpt.edu.vn')
INSERT [dbo].[BOOKING] ([bookingID], [numberOfBooking], [priceTotal], [bookingDate], [userName]) VALUES (N'a4f43dfe-0db5-4a02-bbe0-04a19696aac5', 2, 140000.0000, CAST(N'2024-03-18' AS Date), N'admin2@gmail.com')
INSERT [dbo].[BOOKING] ([bookingID], [numberOfBooking], [priceTotal], [bookingDate], [userName]) VALUES (N'b7889fe6-6d72-46a2-ac10-eb6b92f58a77', 2, 140000.0000, CAST(N'2024-03-17' AS Date), N'admin2@gmail.com')
INSERT [dbo].[BOOKING] ([bookingID], [numberOfBooking], [priceTotal], [bookingDate], [userName]) VALUES (N'e3abc944-6ef0-4783-9cbb-a141d8a6d613', 4, 280000.0000, CAST(N'2024-03-18' AS Date), N'Andmse182449@fpt.edu.vn')
INSERT [dbo].[BOOKING] ([bookingID], [numberOfBooking], [priceTotal], [bookingDate], [userName]) VALUES (N'f3d143ff-a1d1-49bc-91c4-0e1a06f45f56', 2, 140000.0000, CAST(N'2024-03-17' AS Date), N'admin2@gmail.com')
INSERT [dbo].[BOOKING] ([bookingID], [numberOfBooking], [priceTotal], [bookingDate], [userName]) VALUES (N'f3f4f4f9-e5bd-47e0-8ab7-4e055caabcb4', 1, 70000.0000, CAST(N'2024-03-17' AS Date), N'admin2@gmail.com')
INSERT [dbo].[BOOKING] ([bookingID], [numberOfBooking], [priceTotal], [bookingDate], [userName]) VALUES (N'f47d9eec-17d2-40f2-9ddb-5b1713931b36', 2, 140000.0000, CAST(N'2024-03-18' AS Date), N'Andmse182449@fpt.edu.vn')
GO
SET IDENTITY_INSERT [dbo].[CINEMA] ON 

INSERT [dbo].[CINEMA] ([cinemaID], [cinemaName], [city], [address], [hotline]) VALUES (1, N'NCTTM Thảo Điền (TP.HCM)', N'BARIA', N'123 Nguyễn Đình Chiểu, Phường An Phú, Thảo Điền, Quận 2, TP. Hồ Chí Minh', N'961792119')
SET IDENTITY_INSERT [dbo].[CINEMA] OFF
GO
SET IDENTITY_INSERT [dbo].[ROOM] ON 

INSERT [dbo].[ROOM] ([roomID], [numberOfSeats], [cinemaID]) VALUES (1, 20, 1)
INSERT [dbo].[ROOM] ([roomID], [numberOfSeats], [cinemaID]) VALUES (2, 20, 1)
INSERT [dbo].[ROOM] ([roomID], [numberOfSeats], [cinemaID]) VALUES (3, 20, 1)
INSERT [dbo].[ROOM] ([roomID], [numberOfSeats], [cinemaID]) VALUES (4, 20, 1)
INSERT [dbo].[ROOM] ([roomID], [numberOfSeats], [cinemaID]) VALUES (5, 20, 1)
SET IDENTITY_INSERT [dbo].[ROOM] OFF
GO
SET IDENTITY_INSERT [dbo].[MOVIE] ON 

INSERT [dbo].[MOVIE] ([movieID], [movieName], [movieContent], [actor], [director], [age], [movieImage]) VALUES (1, N'Song of the South', N'Song of the South (Dat Rung Phuong Nam) is based on the same name novel written by Author Doan Gioi. It''s a serial journey of a lost boy, named An, who experiences various adventures and tragedies on his way to looking for his father.', N' Bang Di, Hong Anh, Vi Van Hua', N'Quang Dung Nguyen', 13, N'drpn.jpg')
INSERT [dbo].[MOVIE] ([movieID], [movieName], [movieContent], [actor], [director], [age], [movieImage]) VALUES (2, N'Bo Gia', N'Ba Sang makes daily sacrifices to support his dysfunctional family, which includes his siblings and his YouTuber son.', N' Tran Thanh,Tuan Tran,Ngan Chi', N' Tran Thanh, Ngoc Dang Vu', 5, N'bg.jpg')
INSERT [dbo].[MOVIE] ([movieID], [movieName], [movieContent], [actor], [director], [age], [movieImage]) VALUES (3, N'Lat Mat 6: Tam Ve Dinh Menh', N'A friend group bought a lottery ticket and won the jackpot but the ticket holder of the ticket accidentally died. Some of the surviving friends intended to unravel their friend and retrieve the winning ticket, some don''t.', N'Trung Dung,Huy Khanh,Diep Bao Ngoc', N'Ly Hai', 17, N'lm.jpg')
INSERT [dbo].[MOVIE] ([movieID], [movieName], [movieContent], [actor], [director], [age], [movieImage]) VALUES (4, N'Dao, Pho And Piano', N'Amidst the final battle of Hanoi in 1946, a Hanoian fighter from the Self-Defense Force is on a mission to retrieve more arms. To hide from the French soldiers, he takes refuge at the home of 2 pho street vendors. The couple offer him a bowl of pho, as long as he helps them find chives.', N'Doan Quoc Dam,Tuan Hung,Cao Thi Thuy Linh', N'Phi Tien Son', 17, N'dpp_0.jpg')
INSERT [dbo].[MOVIE] ([movieID], [movieName], [movieContent], [actor], [director], [age], [movieImage]) VALUES (5, N'Mai', N'Restlessly haunted by the past, Mai is greeted by a new dawn when she reluctantly befriends the neighborhood ladies'' man. But when her yesterday catches up to her today, what will become of her tomorrow?', N' Huynh Uyen An,Hong Dao,Phuong Anh Dao', N'Tran Thanh', 18, N'mai_0.jpg')
SET IDENTITY_INSERT [dbo].[MOVIE] OFF
GO
SET IDENTITY_INSERT [dbo].[SHOWTIME] ON 

INSERT [dbo].[SHOWTIME] ([showTimeID], [openDate], [closeDate], [hourStart], [hourEnd], [showStatus], [roomID], [movieID]) VALUES (1, CAST(N'2024-03-30' AS Date), CAST(N'2024-03-31' AS Date), CAST(N'07:00:00' AS Time), CAST(N'17:33:00' AS Time), 1, 1, 1)
INSERT [dbo].[SHOWTIME] ([showTimeID], [openDate], [closeDate], [hourStart], [hourEnd], [showStatus], [roomID], [movieID]) VALUES (8, CAST(N'2024-03-30' AS Date), CAST(N'2024-03-31' AS Date), CAST(N'21:38:00' AS Time), CAST(N'22:38:00' AS Time), 1, 5, 1)
INSERT [dbo].[SHOWTIME] ([showTimeID], [openDate], [closeDate], [hourStart], [hourEnd], [showStatus], [roomID], [movieID]) VALUES (9, CAST(N'2024-03-15' AS Date), CAST(N'2024-03-18' AS Date), CAST(N'23:50:00' AS Time), CAST(N'20:56:00' AS Time), 1, 4, 1)
INSERT [dbo].[SHOWTIME] ([showTimeID], [openDate], [closeDate], [hourStart], [hourEnd], [showStatus], [roomID], [movieID]) VALUES (10, CAST(N'2024-03-16' AS Date), CAST(N'2024-03-16' AS Date), CAST(N'22:50:00' AS Time), CAST(N'20:56:00' AS Time), 1, 1, 1)
INSERT [dbo].[SHOWTIME] ([showTimeID], [openDate], [closeDate], [hourStart], [hourEnd], [showStatus], [roomID], [movieID]) VALUES (11, CAST(N'2024-03-16' AS Date), CAST(N'2024-03-18' AS Date), CAST(N'23:50:00' AS Time), CAST(N'19:59:00' AS Time), 1, 3, 1)
INSERT [dbo].[SHOWTIME] ([showTimeID], [openDate], [closeDate], [hourStart], [hourEnd], [showStatus], [roomID], [movieID]) VALUES (16, CAST(N'2024-03-17' AS Date), CAST(N'2024-03-19' AS Date), CAST(N'21:57:00' AS Time), CAST(N'22:04:00' AS Time), 1, 2, 2)
INSERT [dbo].[SHOWTIME] ([showTimeID], [openDate], [closeDate], [hourStart], [hourEnd], [showStatus], [roomID], [movieID]) VALUES (17, CAST(N'2024-03-31' AS Date), CAST(N'2024-04-04' AS Date), CAST(N'22:00:00' AS Time), CAST(N'23:00:00' AS Time), 1, 1, 3)
INSERT [dbo].[SHOWTIME] ([showTimeID], [openDate], [closeDate], [hourStart], [hourEnd], [showStatus], [roomID], [movieID]) VALUES (18, CAST(N'2024-04-01' AS Date), CAST(N'2024-04-03' AS Date), CAST(N'10:15:00' AS Time), CAST(N'11:15:00' AS Time), 1, 1, 4)
INSERT [dbo].[SHOWTIME] ([showTimeID], [openDate], [closeDate], [hourStart], [hourEnd], [showStatus], [roomID], [movieID]) VALUES (19, CAST(N'2024-04-02' AS Date), CAST(N'2024-04-05' AS Date), CAST(N'10:16:00' AS Time), CAST(N'11:19:00' AS Time), 1, 2, 5)
SET IDENTITY_INSERT [dbo].[SHOWTIME] OFF
GO
INSERT [dbo].[SEATDETAILS] ([seatID], [seatStatus], [roomID], [showtimeID]) VALUES (N'A0', 0, 1, 1)
INSERT [dbo].[SEATDETAILS] ([seatID], [seatStatus], [roomID], [showtimeID]) VALUES (N'A0', 0, 5, 8)
INSERT [dbo].[SEATDETAILS] ([seatID], [seatStatus], [roomID], [showtimeID]) VALUES (N'A0', 0, 4, 9)
INSERT [dbo].[SEATDETAILS] ([seatID], [seatStatus], [roomID], [showtimeID]) VALUES (N'A0', 0, 1, 10)
INSERT [dbo].[SEATDETAILS] ([seatID], [seatStatus], [roomID], [showtimeID]) VALUES (N'A0', 0, 3, 11)
INSERT [dbo].[SEATDETAILS] ([seatID], [seatStatus], [roomID], [showtimeID]) VALUES (N'A0', 1, 2, 16)
INSERT [dbo].[SEATDETAILS] ([seatID], [seatStatus], [roomID], [showtimeID]) VALUES (N'A0', 0, 1, 17)
INSERT [dbo].[SEATDETAILS] ([seatID], [seatStatus], [roomID], [showtimeID]) VALUES (N'A0', 0, 1, 18)
INSERT [dbo].[SEATDETAILS] ([seatID], [seatStatus], [roomID], [showtimeID]) VALUES (N'A0', 0, 2, 19)
INSERT [dbo].[SEATDETAILS] ([seatID], [seatStatus], [roomID], [showtimeID]) VALUES (N'A1', 0, 1, 1)
INSERT [dbo].[SEATDETAILS] ([seatID], [seatStatus], [roomID], [showtimeID]) VALUES (N'A1', 0, 5, 8)
INSERT [dbo].[SEATDETAILS] ([seatID], [seatStatus], [roomID], [showtimeID]) VALUES (N'A1', 0, 4, 9)
INSERT [dbo].[SEATDETAILS] ([seatID], [seatStatus], [roomID], [showtimeID]) VALUES (N'A1', 0, 1, 10)
INSERT [dbo].[SEATDETAILS] ([seatID], [seatStatus], [roomID], [showtimeID]) VALUES (N'A1', 0, 3, 11)
INSERT [dbo].[SEATDETAILS] ([seatID], [seatStatus], [roomID], [showtimeID]) VALUES (N'A1', 0, 2, 16)
INSERT [dbo].[SEATDETAILS] ([seatID], [seatStatus], [roomID], [showtimeID]) VALUES (N'A1', 0, 1, 17)
INSERT [dbo].[SEATDETAILS] ([seatID], [seatStatus], [roomID], [showtimeID]) VALUES (N'A1', 0, 1, 18)
INSERT [dbo].[SEATDETAILS] ([seatID], [seatStatus], [roomID], [showtimeID]) VALUES (N'A1', 0, 2, 19)
INSERT [dbo].[SEATDETAILS] ([seatID], [seatStatus], [roomID], [showtimeID]) VALUES (N'A2', 0, 1, 1)
INSERT [dbo].[SEATDETAILS] ([seatID], [seatStatus], [roomID], [showtimeID]) VALUES (N'A2', 0, 5, 8)
INSERT [dbo].[SEATDETAILS] ([seatID], [seatStatus], [roomID], [showtimeID]) VALUES (N'A2', 0, 4, 9)
INSERT [dbo].[SEATDETAILS] ([seatID], [seatStatus], [roomID], [showtimeID]) VALUES (N'A2', 0, 1, 10)
INSERT [dbo].[SEATDETAILS] ([seatID], [seatStatus], [roomID], [showtimeID]) VALUES (N'A2', 0, 3, 11)
INSERT [dbo].[SEATDETAILS] ([seatID], [seatStatus], [roomID], [showtimeID]) VALUES (N'A2', 0, 2, 16)
INSERT [dbo].[SEATDETAILS] ([seatID], [seatStatus], [roomID], [showtimeID]) VALUES (N'A2', 0, 1, 17)
INSERT [dbo].[SEATDETAILS] ([seatID], [seatStatus], [roomID], [showtimeID]) VALUES (N'A2', 0, 1, 18)
INSERT [dbo].[SEATDETAILS] ([seatID], [seatStatus], [roomID], [showtimeID]) VALUES (N'A2', 0, 2, 19)
INSERT [dbo].[SEATDETAILS] ([seatID], [seatStatus], [roomID], [showtimeID]) VALUES (N'A3', 1, 1, 1)
INSERT [dbo].[SEATDETAILS] ([seatID], [seatStatus], [roomID], [showtimeID]) VALUES (N'A3', 0, 5, 8)
INSERT [dbo].[SEATDETAILS] ([seatID], [seatStatus], [roomID], [showtimeID]) VALUES (N'A3', 0, 4, 9)
INSERT [dbo].[SEATDETAILS] ([seatID], [seatStatus], [roomID], [showtimeID]) VALUES (N'A3', 0, 1, 10)
INSERT [dbo].[SEATDETAILS] ([seatID], [seatStatus], [roomID], [showtimeID]) VALUES (N'A3', 0, 3, 11)
INSERT [dbo].[SEATDETAILS] ([seatID], [seatStatus], [roomID], [showtimeID]) VALUES (N'A3', 1, 2, 16)
INSERT [dbo].[SEATDETAILS] ([seatID], [seatStatus], [roomID], [showtimeID]) VALUES (N'A3', 0, 1, 17)
INSERT [dbo].[SEATDETAILS] ([seatID], [seatStatus], [roomID], [showtimeID]) VALUES (N'A3', 0, 1, 18)
INSERT [dbo].[SEATDETAILS] ([seatID], [seatStatus], [roomID], [showtimeID]) VALUES (N'A3', 0, 2, 19)
INSERT [dbo].[SEATDETAILS] ([seatID], [seatStatus], [roomID], [showtimeID]) VALUES (N'A4', 0, 1, 1)
INSERT [dbo].[SEATDETAILS] ([seatID], [seatStatus], [roomID], [showtimeID]) VALUES (N'A4', 0, 5, 8)
INSERT [dbo].[SEATDETAILS] ([seatID], [seatStatus], [roomID], [showtimeID]) VALUES (N'A4', 0, 4, 9)
INSERT [dbo].[SEATDETAILS] ([seatID], [seatStatus], [roomID], [showtimeID]) VALUES (N'A4', 0, 1, 10)
INSERT [dbo].[SEATDETAILS] ([seatID], [seatStatus], [roomID], [showtimeID]) VALUES (N'A4', 0, 3, 11)
INSERT [dbo].[SEATDETAILS] ([seatID], [seatStatus], [roomID], [showtimeID]) VALUES (N'A4', 1, 2, 16)
INSERT [dbo].[SEATDETAILS] ([seatID], [seatStatus], [roomID], [showtimeID]) VALUES (N'A4', 0, 1, 17)
INSERT [dbo].[SEATDETAILS] ([seatID], [seatStatus], [roomID], [showtimeID]) VALUES (N'A4', 0, 1, 18)
INSERT [dbo].[SEATDETAILS] ([seatID], [seatStatus], [roomID], [showtimeID]) VALUES (N'A4', 0, 2, 19)
INSERT [dbo].[SEATDETAILS] ([seatID], [seatStatus], [roomID], [showtimeID]) VALUES (N'A5', 0, 1, 1)
INSERT [dbo].[SEATDETAILS] ([seatID], [seatStatus], [roomID], [showtimeID]) VALUES (N'A5', 0, 5, 8)
INSERT [dbo].[SEATDETAILS] ([seatID], [seatStatus], [roomID], [showtimeID]) VALUES (N'A5', 0, 4, 9)
INSERT [dbo].[SEATDETAILS] ([seatID], [seatStatus], [roomID], [showtimeID]) VALUES (N'A5', 0, 1, 10)
INSERT [dbo].[SEATDETAILS] ([seatID], [seatStatus], [roomID], [showtimeID]) VALUES (N'A5', 0, 3, 11)
INSERT [dbo].[SEATDETAILS] ([seatID], [seatStatus], [roomID], [showtimeID]) VALUES (N'A5', 1, 2, 16)
INSERT [dbo].[SEATDETAILS] ([seatID], [seatStatus], [roomID], [showtimeID]) VALUES (N'A5', 0, 1, 17)
INSERT [dbo].[SEATDETAILS] ([seatID], [seatStatus], [roomID], [showtimeID]) VALUES (N'A5', 0, 1, 18)
INSERT [dbo].[SEATDETAILS] ([seatID], [seatStatus], [roomID], [showtimeID]) VALUES (N'A5', 0, 2, 19)
INSERT [dbo].[SEATDETAILS] ([seatID], [seatStatus], [roomID], [showtimeID]) VALUES (N'A6', 0, 1, 1)
INSERT [dbo].[SEATDETAILS] ([seatID], [seatStatus], [roomID], [showtimeID]) VALUES (N'A6', 0, 5, 8)
INSERT [dbo].[SEATDETAILS] ([seatID], [seatStatus], [roomID], [showtimeID]) VALUES (N'A6', 0, 4, 9)
INSERT [dbo].[SEATDETAILS] ([seatID], [seatStatus], [roomID], [showtimeID]) VALUES (N'A6', 0, 1, 10)
INSERT [dbo].[SEATDETAILS] ([seatID], [seatStatus], [roomID], [showtimeID]) VALUES (N'A6', 0, 3, 11)
INSERT [dbo].[SEATDETAILS] ([seatID], [seatStatus], [roomID], [showtimeID]) VALUES (N'A6', 1, 2, 16)
INSERT [dbo].[SEATDETAILS] ([seatID], [seatStatus], [roomID], [showtimeID]) VALUES (N'A6', 0, 1, 17)
INSERT [dbo].[SEATDETAILS] ([seatID], [seatStatus], [roomID], [showtimeID]) VALUES (N'A6', 0, 1, 18)
INSERT [dbo].[SEATDETAILS] ([seatID], [seatStatus], [roomID], [showtimeID]) VALUES (N'A6', 0, 2, 19)
INSERT [dbo].[SEATDETAILS] ([seatID], [seatStatus], [roomID], [showtimeID]) VALUES (N'A7', 0, 1, 1)
INSERT [dbo].[SEATDETAILS] ([seatID], [seatStatus], [roomID], [showtimeID]) VALUES (N'A7', 0, 5, 8)
INSERT [dbo].[SEATDETAILS] ([seatID], [seatStatus], [roomID], [showtimeID]) VALUES (N'A7', 0, 4, 9)
INSERT [dbo].[SEATDETAILS] ([seatID], [seatStatus], [roomID], [showtimeID]) VALUES (N'A7', 0, 1, 10)
INSERT [dbo].[SEATDETAILS] ([seatID], [seatStatus], [roomID], [showtimeID]) VALUES (N'A7', 0, 3, 11)
INSERT [dbo].[SEATDETAILS] ([seatID], [seatStatus], [roomID], [showtimeID]) VALUES (N'A7', 1, 2, 16)
INSERT [dbo].[SEATDETAILS] ([seatID], [seatStatus], [roomID], [showtimeID]) VALUES (N'A7', 0, 1, 17)
INSERT [dbo].[SEATDETAILS] ([seatID], [seatStatus], [roomID], [showtimeID]) VALUES (N'A7', 0, 1, 18)
INSERT [dbo].[SEATDETAILS] ([seatID], [seatStatus], [roomID], [showtimeID]) VALUES (N'A7', 0, 2, 19)
INSERT [dbo].[SEATDETAILS] ([seatID], [seatStatus], [roomID], [showtimeID]) VALUES (N'A8', 0, 1, 1)
INSERT [dbo].[SEATDETAILS] ([seatID], [seatStatus], [roomID], [showtimeID]) VALUES (N'A8', 0, 5, 8)
INSERT [dbo].[SEATDETAILS] ([seatID], [seatStatus], [roomID], [showtimeID]) VALUES (N'A8', 0, 4, 9)
INSERT [dbo].[SEATDETAILS] ([seatID], [seatStatus], [roomID], [showtimeID]) VALUES (N'A8', 0, 1, 10)
INSERT [dbo].[SEATDETAILS] ([seatID], [seatStatus], [roomID], [showtimeID]) VALUES (N'A8', 0, 3, 11)
INSERT [dbo].[SEATDETAILS] ([seatID], [seatStatus], [roomID], [showtimeID]) VALUES (N'A8', 1, 2, 16)
INSERT [dbo].[SEATDETAILS] ([seatID], [seatStatus], [roomID], [showtimeID]) VALUES (N'A8', 0, 1, 17)
INSERT [dbo].[SEATDETAILS] ([seatID], [seatStatus], [roomID], [showtimeID]) VALUES (N'A8', 0, 1, 18)
INSERT [dbo].[SEATDETAILS] ([seatID], [seatStatus], [roomID], [showtimeID]) VALUES (N'A8', 0, 2, 19)
INSERT [dbo].[SEATDETAILS] ([seatID], [seatStatus], [roomID], [showtimeID]) VALUES (N'A9', 0, 1, 1)
INSERT [dbo].[SEATDETAILS] ([seatID], [seatStatus], [roomID], [showtimeID]) VALUES (N'A9', 0, 5, 8)
INSERT [dbo].[SEATDETAILS] ([seatID], [seatStatus], [roomID], [showtimeID]) VALUES (N'A9', 0, 4, 9)
INSERT [dbo].[SEATDETAILS] ([seatID], [seatStatus], [roomID], [showtimeID]) VALUES (N'A9', 0, 1, 10)
INSERT [dbo].[SEATDETAILS] ([seatID], [seatStatus], [roomID], [showtimeID]) VALUES (N'A9', 0, 3, 11)
INSERT [dbo].[SEATDETAILS] ([seatID], [seatStatus], [roomID], [showtimeID]) VALUES (N'A9', 1, 2, 16)
INSERT [dbo].[SEATDETAILS] ([seatID], [seatStatus], [roomID], [showtimeID]) VALUES (N'A9', 0, 1, 17)
INSERT [dbo].[SEATDETAILS] ([seatID], [seatStatus], [roomID], [showtimeID]) VALUES (N'A9', 0, 1, 18)
INSERT [dbo].[SEATDETAILS] ([seatID], [seatStatus], [roomID], [showtimeID]) VALUES (N'A9', 0, 2, 19)
INSERT [dbo].[SEATDETAILS] ([seatID], [seatStatus], [roomID], [showtimeID]) VALUES (N'B0', 0, 1, 1)
INSERT [dbo].[SEATDETAILS] ([seatID], [seatStatus], [roomID], [showtimeID]) VALUES (N'B0', 0, 5, 8)
INSERT [dbo].[SEATDETAILS] ([seatID], [seatStatus], [roomID], [showtimeID]) VALUES (N'B0', 0, 4, 9)
INSERT [dbo].[SEATDETAILS] ([seatID], [seatStatus], [roomID], [showtimeID]) VALUES (N'B0', 0, 1, 10)
INSERT [dbo].[SEATDETAILS] ([seatID], [seatStatus], [roomID], [showtimeID]) VALUES (N'B0', 0, 3, 11)
INSERT [dbo].[SEATDETAILS] ([seatID], [seatStatus], [roomID], [showtimeID]) VALUES (N'B0', 1, 2, 16)
INSERT [dbo].[SEATDETAILS] ([seatID], [seatStatus], [roomID], [showtimeID]) VALUES (N'B0', 0, 1, 17)
INSERT [dbo].[SEATDETAILS] ([seatID], [seatStatus], [roomID], [showtimeID]) VALUES (N'B0', 0, 1, 18)
INSERT [dbo].[SEATDETAILS] ([seatID], [seatStatus], [roomID], [showtimeID]) VALUES (N'B0', 0, 2, 19)
INSERT [dbo].[SEATDETAILS] ([seatID], [seatStatus], [roomID], [showtimeID]) VALUES (N'B1', 0, 1, 1)
GO
INSERT [dbo].[SEATDETAILS] ([seatID], [seatStatus], [roomID], [showtimeID]) VALUES (N'B1', 0, 5, 8)
INSERT [dbo].[SEATDETAILS] ([seatID], [seatStatus], [roomID], [showtimeID]) VALUES (N'B1', 0, 4, 9)
INSERT [dbo].[SEATDETAILS] ([seatID], [seatStatus], [roomID], [showtimeID]) VALUES (N'B1', 0, 1, 10)
INSERT [dbo].[SEATDETAILS] ([seatID], [seatStatus], [roomID], [showtimeID]) VALUES (N'B1', 0, 3, 11)
INSERT [dbo].[SEATDETAILS] ([seatID], [seatStatus], [roomID], [showtimeID]) VALUES (N'B1', 0, 2, 16)
INSERT [dbo].[SEATDETAILS] ([seatID], [seatStatus], [roomID], [showtimeID]) VALUES (N'B1', 0, 1, 17)
INSERT [dbo].[SEATDETAILS] ([seatID], [seatStatus], [roomID], [showtimeID]) VALUES (N'B1', 0, 1, 18)
INSERT [dbo].[SEATDETAILS] ([seatID], [seatStatus], [roomID], [showtimeID]) VALUES (N'B1', 0, 2, 19)
INSERT [dbo].[SEATDETAILS] ([seatID], [seatStatus], [roomID], [showtimeID]) VALUES (N'B2', 0, 1, 1)
INSERT [dbo].[SEATDETAILS] ([seatID], [seatStatus], [roomID], [showtimeID]) VALUES (N'B2', 0, 5, 8)
INSERT [dbo].[SEATDETAILS] ([seatID], [seatStatus], [roomID], [showtimeID]) VALUES (N'B2', 0, 4, 9)
INSERT [dbo].[SEATDETAILS] ([seatID], [seatStatus], [roomID], [showtimeID]) VALUES (N'B2', 0, 1, 10)
INSERT [dbo].[SEATDETAILS] ([seatID], [seatStatus], [roomID], [showtimeID]) VALUES (N'B2', 0, 3, 11)
INSERT [dbo].[SEATDETAILS] ([seatID], [seatStatus], [roomID], [showtimeID]) VALUES (N'B2', 0, 2, 16)
INSERT [dbo].[SEATDETAILS] ([seatID], [seatStatus], [roomID], [showtimeID]) VALUES (N'B2', 0, 1, 17)
INSERT [dbo].[SEATDETAILS] ([seatID], [seatStatus], [roomID], [showtimeID]) VALUES (N'B2', 0, 1, 18)
INSERT [dbo].[SEATDETAILS] ([seatID], [seatStatus], [roomID], [showtimeID]) VALUES (N'B2', 0, 2, 19)
INSERT [dbo].[SEATDETAILS] ([seatID], [seatStatus], [roomID], [showtimeID]) VALUES (N'B3', 1, 1, 1)
INSERT [dbo].[SEATDETAILS] ([seatID], [seatStatus], [roomID], [showtimeID]) VALUES (N'B3', 0, 5, 8)
INSERT [dbo].[SEATDETAILS] ([seatID], [seatStatus], [roomID], [showtimeID]) VALUES (N'B3', 0, 4, 9)
INSERT [dbo].[SEATDETAILS] ([seatID], [seatStatus], [roomID], [showtimeID]) VALUES (N'B3', 0, 1, 10)
INSERT [dbo].[SEATDETAILS] ([seatID], [seatStatus], [roomID], [showtimeID]) VALUES (N'B3', 0, 3, 11)
INSERT [dbo].[SEATDETAILS] ([seatID], [seatStatus], [roomID], [showtimeID]) VALUES (N'B3', 1, 2, 16)
INSERT [dbo].[SEATDETAILS] ([seatID], [seatStatus], [roomID], [showtimeID]) VALUES (N'B3', 0, 1, 17)
INSERT [dbo].[SEATDETAILS] ([seatID], [seatStatus], [roomID], [showtimeID]) VALUES (N'B3', 0, 1, 18)
INSERT [dbo].[SEATDETAILS] ([seatID], [seatStatus], [roomID], [showtimeID]) VALUES (N'B3', 0, 2, 19)
INSERT [dbo].[SEATDETAILS] ([seatID], [seatStatus], [roomID], [showtimeID]) VALUES (N'B4', 0, 1, 1)
INSERT [dbo].[SEATDETAILS] ([seatID], [seatStatus], [roomID], [showtimeID]) VALUES (N'B4', 0, 5, 8)
INSERT [dbo].[SEATDETAILS] ([seatID], [seatStatus], [roomID], [showtimeID]) VALUES (N'B4', 0, 4, 9)
INSERT [dbo].[SEATDETAILS] ([seatID], [seatStatus], [roomID], [showtimeID]) VALUES (N'B4', 0, 1, 10)
INSERT [dbo].[SEATDETAILS] ([seatID], [seatStatus], [roomID], [showtimeID]) VALUES (N'B4', 0, 3, 11)
INSERT [dbo].[SEATDETAILS] ([seatID], [seatStatus], [roomID], [showtimeID]) VALUES (N'B4', 1, 2, 16)
INSERT [dbo].[SEATDETAILS] ([seatID], [seatStatus], [roomID], [showtimeID]) VALUES (N'B4', 0, 1, 17)
INSERT [dbo].[SEATDETAILS] ([seatID], [seatStatus], [roomID], [showtimeID]) VALUES (N'B4', 0, 1, 18)
INSERT [dbo].[SEATDETAILS] ([seatID], [seatStatus], [roomID], [showtimeID]) VALUES (N'B4', 0, 2, 19)
INSERT [dbo].[SEATDETAILS] ([seatID], [seatStatus], [roomID], [showtimeID]) VALUES (N'B5', 0, 1, 1)
INSERT [dbo].[SEATDETAILS] ([seatID], [seatStatus], [roomID], [showtimeID]) VALUES (N'B5', 0, 5, 8)
INSERT [dbo].[SEATDETAILS] ([seatID], [seatStatus], [roomID], [showtimeID]) VALUES (N'B5', 0, 4, 9)
INSERT [dbo].[SEATDETAILS] ([seatID], [seatStatus], [roomID], [showtimeID]) VALUES (N'B5', 0, 1, 10)
INSERT [dbo].[SEATDETAILS] ([seatID], [seatStatus], [roomID], [showtimeID]) VALUES (N'B5', 0, 3, 11)
INSERT [dbo].[SEATDETAILS] ([seatID], [seatStatus], [roomID], [showtimeID]) VALUES (N'B5', 1, 2, 16)
INSERT [dbo].[SEATDETAILS] ([seatID], [seatStatus], [roomID], [showtimeID]) VALUES (N'B5', 0, 1, 17)
INSERT [dbo].[SEATDETAILS] ([seatID], [seatStatus], [roomID], [showtimeID]) VALUES (N'B5', 0, 1, 18)
INSERT [dbo].[SEATDETAILS] ([seatID], [seatStatus], [roomID], [showtimeID]) VALUES (N'B5', 0, 2, 19)
INSERT [dbo].[SEATDETAILS] ([seatID], [seatStatus], [roomID], [showtimeID]) VALUES (N'B6', 0, 1, 1)
INSERT [dbo].[SEATDETAILS] ([seatID], [seatStatus], [roomID], [showtimeID]) VALUES (N'B6', 0, 5, 8)
INSERT [dbo].[SEATDETAILS] ([seatID], [seatStatus], [roomID], [showtimeID]) VALUES (N'B6', 0, 4, 9)
INSERT [dbo].[SEATDETAILS] ([seatID], [seatStatus], [roomID], [showtimeID]) VALUES (N'B6', 0, 1, 10)
INSERT [dbo].[SEATDETAILS] ([seatID], [seatStatus], [roomID], [showtimeID]) VALUES (N'B6', 0, 3, 11)
INSERT [dbo].[SEATDETAILS] ([seatID], [seatStatus], [roomID], [showtimeID]) VALUES (N'B6', 1, 2, 16)
INSERT [dbo].[SEATDETAILS] ([seatID], [seatStatus], [roomID], [showtimeID]) VALUES (N'B6', 0, 1, 17)
INSERT [dbo].[SEATDETAILS] ([seatID], [seatStatus], [roomID], [showtimeID]) VALUES (N'B6', 0, 1, 18)
INSERT [dbo].[SEATDETAILS] ([seatID], [seatStatus], [roomID], [showtimeID]) VALUES (N'B6', 0, 2, 19)
INSERT [dbo].[SEATDETAILS] ([seatID], [seatStatus], [roomID], [showtimeID]) VALUES (N'B7', 0, 1, 1)
INSERT [dbo].[SEATDETAILS] ([seatID], [seatStatus], [roomID], [showtimeID]) VALUES (N'B7', 0, 5, 8)
INSERT [dbo].[SEATDETAILS] ([seatID], [seatStatus], [roomID], [showtimeID]) VALUES (N'B7', 0, 4, 9)
INSERT [dbo].[SEATDETAILS] ([seatID], [seatStatus], [roomID], [showtimeID]) VALUES (N'B7', 0, 1, 10)
INSERT [dbo].[SEATDETAILS] ([seatID], [seatStatus], [roomID], [showtimeID]) VALUES (N'B7', 0, 3, 11)
INSERT [dbo].[SEATDETAILS] ([seatID], [seatStatus], [roomID], [showtimeID]) VALUES (N'B7', 1, 2, 16)
INSERT [dbo].[SEATDETAILS] ([seatID], [seatStatus], [roomID], [showtimeID]) VALUES (N'B7', 0, 1, 17)
INSERT [dbo].[SEATDETAILS] ([seatID], [seatStatus], [roomID], [showtimeID]) VALUES (N'B7', 0, 1, 18)
INSERT [dbo].[SEATDETAILS] ([seatID], [seatStatus], [roomID], [showtimeID]) VALUES (N'B7', 0, 2, 19)
INSERT [dbo].[SEATDETAILS] ([seatID], [seatStatus], [roomID], [showtimeID]) VALUES (N'B8', 0, 1, 1)
INSERT [dbo].[SEATDETAILS] ([seatID], [seatStatus], [roomID], [showtimeID]) VALUES (N'B8', 0, 5, 8)
INSERT [dbo].[SEATDETAILS] ([seatID], [seatStatus], [roomID], [showtimeID]) VALUES (N'B8', 0, 4, 9)
INSERT [dbo].[SEATDETAILS] ([seatID], [seatStatus], [roomID], [showtimeID]) VALUES (N'B8', 0, 1, 10)
INSERT [dbo].[SEATDETAILS] ([seatID], [seatStatus], [roomID], [showtimeID]) VALUES (N'B8', 0, 3, 11)
INSERT [dbo].[SEATDETAILS] ([seatID], [seatStatus], [roomID], [showtimeID]) VALUES (N'B8', 1, 2, 16)
INSERT [dbo].[SEATDETAILS] ([seatID], [seatStatus], [roomID], [showtimeID]) VALUES (N'B8', 0, 1, 17)
INSERT [dbo].[SEATDETAILS] ([seatID], [seatStatus], [roomID], [showtimeID]) VALUES (N'B8', 0, 1, 18)
INSERT [dbo].[SEATDETAILS] ([seatID], [seatStatus], [roomID], [showtimeID]) VALUES (N'B8', 0, 2, 19)
INSERT [dbo].[SEATDETAILS] ([seatID], [seatStatus], [roomID], [showtimeID]) VALUES (N'B9', 0, 1, 1)
INSERT [dbo].[SEATDETAILS] ([seatID], [seatStatus], [roomID], [showtimeID]) VALUES (N'B9', 0, 5, 8)
INSERT [dbo].[SEATDETAILS] ([seatID], [seatStatus], [roomID], [showtimeID]) VALUES (N'B9', 0, 4, 9)
INSERT [dbo].[SEATDETAILS] ([seatID], [seatStatus], [roomID], [showtimeID]) VALUES (N'B9', 0, 1, 10)
INSERT [dbo].[SEATDETAILS] ([seatID], [seatStatus], [roomID], [showtimeID]) VALUES (N'B9', 0, 3, 11)
INSERT [dbo].[SEATDETAILS] ([seatID], [seatStatus], [roomID], [showtimeID]) VALUES (N'B9', 1, 2, 16)
INSERT [dbo].[SEATDETAILS] ([seatID], [seatStatus], [roomID], [showtimeID]) VALUES (N'B9', 0, 1, 17)
INSERT [dbo].[SEATDETAILS] ([seatID], [seatStatus], [roomID], [showtimeID]) VALUES (N'B9', 0, 1, 18)
INSERT [dbo].[SEATDETAILS] ([seatID], [seatStatus], [roomID], [showtimeID]) VALUES (N'B9', 0, 2, 19)
GO
SET IDENTITY_INSERT [dbo].[TICKET] ON 

INSERT [dbo].[TICKET] ([ticketID], [showTimeID], [seatID], [bookingID]) VALUES (8, 9, N'B5', N'f3f4f4f9-e5bd-47e0-8ab7-4e055caabcb4')
INSERT [dbo].[TICKET] ([ticketID], [showTimeID], [seatID], [bookingID]) VALUES (9, 11, N'A4', N'30a3c0b6-9618-41cf-8c3f-3592a074ecec')
INSERT [dbo].[TICKET] ([ticketID], [showTimeID], [seatID], [bookingID]) VALUES (10, 11, N'B4', N'30a3c0b6-9618-41cf-8c3f-3592a074ecec')
INSERT [dbo].[TICKET] ([ticketID], [showTimeID], [seatID], [bookingID]) VALUES (12, 1, N'A3', N'f47d9eec-17d2-40f2-9ddb-5b1713931b36')
INSERT [dbo].[TICKET] ([ticketID], [showTimeID], [seatID], [bookingID]) VALUES (13, 1, N'B3', N'f47d9eec-17d2-40f2-9ddb-5b1713931b36')
INSERT [dbo].[TICKET] ([ticketID], [showTimeID], [seatID], [bookingID]) VALUES (14, 16, N'A4', N'e3abc944-6ef0-4783-9cbb-a141d8a6d613')
INSERT [dbo].[TICKET] ([ticketID], [showTimeID], [seatID], [bookingID]) VALUES (15, 16, N'A5', N'e3abc944-6ef0-4783-9cbb-a141d8a6d613')
INSERT [dbo].[TICKET] ([ticketID], [showTimeID], [seatID], [bookingID]) VALUES (16, 16, N'B4', N'e3abc944-6ef0-4783-9cbb-a141d8a6d613')
INSERT [dbo].[TICKET] ([ticketID], [showTimeID], [seatID], [bookingID]) VALUES (17, 16, N'B5', N'e3abc944-6ef0-4783-9cbb-a141d8a6d613')
INSERT [dbo].[TICKET] ([ticketID], [showTimeID], [seatID], [bookingID]) VALUES (18, 16, N'A0', N'2fb2f966-289e-453a-8ba6-78f4e03a511d')
INSERT [dbo].[TICKET] ([ticketID], [showTimeID], [seatID], [bookingID]) VALUES (19, 16, N'A5', N'2fb2f966-289e-453a-8ba6-78f4e03a511d')
INSERT [dbo].[TICKET] ([ticketID], [showTimeID], [seatID], [bookingID]) VALUES (20, 16, N'B0', N'2fb2f966-289e-453a-8ba6-78f4e03a511d')
INSERT [dbo].[TICKET] ([ticketID], [showTimeID], [seatID], [bookingID]) VALUES (21, 16, N'B5', N'2fb2f966-289e-453a-8ba6-78f4e03a511d')
INSERT [dbo].[TICKET] ([ticketID], [showTimeID], [seatID], [bookingID]) VALUES (22, 16, N'A6', N'739ca3f6-c0b6-4fef-b733-a4812afef239')
INSERT [dbo].[TICKET] ([ticketID], [showTimeID], [seatID], [bookingID]) VALUES (23, 16, N'A8', N'739ca3f6-c0b6-4fef-b733-a4812afef239')
INSERT [dbo].[TICKET] ([ticketID], [showTimeID], [seatID], [bookingID]) VALUES (24, 16, N'B6', N'739ca3f6-c0b6-4fef-b733-a4812afef239')
INSERT [dbo].[TICKET] ([ticketID], [showTimeID], [seatID], [bookingID]) VALUES (25, 16, N'B8', N'739ca3f6-c0b6-4fef-b733-a4812afef239')
INSERT [dbo].[TICKET] ([ticketID], [showTimeID], [seatID], [bookingID]) VALUES (26, 16, N'A4', N'65c098b6-b076-4a0f-a7cc-a7dcc5610b72')
INSERT [dbo].[TICKET] ([ticketID], [showTimeID], [seatID], [bookingID]) VALUES (27, 16, N'A7', N'65c098b6-b076-4a0f-a7cc-a7dcc5610b72')
INSERT [dbo].[TICKET] ([ticketID], [showTimeID], [seatID], [bookingID]) VALUES (28, 16, N'B4', N'65c098b6-b076-4a0f-a7cc-a7dcc5610b72')
INSERT [dbo].[TICKET] ([ticketID], [showTimeID], [seatID], [bookingID]) VALUES (29, 16, N'B7', N'65c098b6-b076-4a0f-a7cc-a7dcc5610b72')
INSERT [dbo].[TICKET] ([ticketID], [showTimeID], [seatID], [bookingID]) VALUES (30, 16, N'A9', N'608d9d3b-cf88-4c63-a301-b9b740713fbf')
INSERT [dbo].[TICKET] ([ticketID], [showTimeID], [seatID], [bookingID]) VALUES (31, 16, N'B9', N'608d9d3b-cf88-4c63-a301-b9b740713fbf')
INSERT [dbo].[TICKET] ([ticketID], [showTimeID], [seatID], [bookingID]) VALUES (32, 16, N'A3', N'a4f43dfe-0db5-4a02-bbe0-04a19696aac5')
INSERT [dbo].[TICKET] ([ticketID], [showTimeID], [seatID], [bookingID]) VALUES (33, 16, N'B3', N'a4f43dfe-0db5-4a02-bbe0-04a19696aac5')
SET IDENTITY_INSERT [dbo].[TICKET] OFF
GO
